{"temperature": 0.06330492483898326, "humidity": 0.07554238557560419, "wind_speed": 0.056530335475547, "rainfall": 0.012742287864778202, "risk_score": 0.7918800662450874}